linkedin_url,profile_text
https://www.linkedin.com/in/elif-%C3%A7etink%C3%BCnar-3b8ba4182/,"linkedin.com https://tr. linkedin .com LinkedIn : Oturum Açın veya Üye Olun Profesyonel topluluğunuza hoş geldiniz! Continue with Google E-posta ile oturum açın Devam Et’i tıklayarak veya oturum açarak LinkedIn Kullanıcı Anlaşması ’nı, Gizlilik Politikası ’nı ve Çerez...
linkedin.com https://www. linkedin .com LinkedIn : Log In or Sign Up Explore top LinkedIn content Discover relevant posts and expert insights — curated by topic and in one place.
google.com https:// play.google.com › store › apps › details LinkedIn : Community & Network - Apps on Google Play LinkedIn empowers millions of professionals worldwide to grow, connect, and succeed. With nearly 16,000 connections made every minute, your next opportunity starts here.
google.com https:// play.google.com › store › apps › details LinkedIn : Topluluk ve Ağ - Google Play'de Uygulamalar LinkedIn uygulamasını kariyer aracı olarak kullanıp profesyonel sosyal ağınızı oluşturun. Sektör liderlerini takip edin, profesyonellerle bağlantı kurun, iş dünyasındaki yenilikleri takip edin....
linkedin.com https://www. linkedin .com › login LinkedIn Login, Sign in | LinkedIn Login to LinkedIn to keep in touch with people you know, share ideas, and build your career.
linkedin.com https://www. linkedin .com › login › tr LinkedIn Oturum Açma, Kayıt Olma | LinkedIn Tanıdığınız kişilerle iletişimi sürdürmek, fikirleri paylaşmak ve kariyerinizi inşa etmek için LinkedIn’de oturum açın.
linkedin.com https://gb. linkedin .com LinkedIn : Log In or Sign Up Who is LinkedIn for? Anyone looking to navigate their professional life. Find a coworker or classmate Find a new job Find a course or training
linkedin.com https://www. linkedin .com › company › linkedin LinkedIn | LinkedIn With more than 1 billion members worldwide, including executives from every Fortune 500 company, LinkedIn is the world's largest professional network."
https://www.linkedin.com/in/eyl%C3%BCl-%C3%B6z%C3%BC%C5%9Fanl%C4%B1-208159209/,"linkedin.com https://tr. linkedin .com LinkedIn : Oturum Açın veya Üye Olun Profesyonel topluluğunuza hoş geldiniz! Continue with Google E-posta ile oturum açın Devam Et’i tıklayarak veya oturum açarak LinkedIn Kullanıcı Anlaşması ’nı, Gizlilik Politikası ’nı ve Çerez...
linkedin.com https://www. linkedin .com LinkedIn : Log In or Sign Up Explore top LinkedIn content Discover relevant posts and expert insights — curated by topic and in one place.
google.com https:// play.google.com › store › apps › details LinkedIn : Community & Network - Apps on Google Play LinkedIn empowers millions of professionals worldwide to grow, connect, and succeed. With nearly 16,000 connections made every minute, your next opportunity starts here.
google.com https:// play.google.com › store › apps › details LinkedIn : Topluluk ve Ağ - Google Play'de Uygulamalar LinkedIn uygulamasını kariyer aracı olarak kullanıp profesyonel sosyal ağınızı oluşturun. Sektör liderlerini takip edin, profesyonellerle bağlantı kurun, iş dünyasındaki yenilikleri takip edin....
linkedin.com https://www. linkedin .com › login LinkedIn Login, Sign in | LinkedIn Login to LinkedIn to keep in touch with people you know, share ideas, and build your career.
linkedin.com https://www. linkedin .com › login › tr LinkedIn Oturum Açma, Kayıt Olma | LinkedIn Tanıdığınız kişilerle iletişimi sürdürmek, fikirleri paylaşmak ve kariyerinizi inşa etmek için LinkedIn’de oturum açın.
linkedin.com https://gb. linkedin .com LinkedIn : Log In or Sign Up Who is LinkedIn for? Anyone looking to navigate their professional life. Find a coworker or classmate Find a new job Find a course or training
linkedin.com https://www. linkedin .com › company › linkedin LinkedIn | LinkedIn With more than 1 billion members worldwide, including executives from every Fortune 500 company, LinkedIn is the world's largest professional network."
https://www.linkedin.com/in/sava%C5%9F-t-12b1ab43/,"linkedin.com https://tr. linkedin .com LinkedIn : Oturum Açın veya Üye Olun Profesyonel topluluğunuza hoş geldiniz! Continue with Google E-posta ile oturum açın Devam Et’i tıklayarak veya oturum açarak …
linkedin.com https://www. linkedin .com LinkedIn : Log In or Sign Up Explore top LinkedIn content Discover relevant posts and expert insights — curated by topic and in one place.
google.com https:// play.google.com › store › apps › details LinkedIn : Community & Network - Apps on Google Play LinkedIn empowers millions of professionals worldwide to grow, connect, and succeed. With nearly 16,000 connections made every …
google.com https:// play.google.com › store › apps › details LinkedIn : Topluluk ve Ağ - Google Play'de Uygulamalar LinkedIn uygulamasını kariyer aracı olarak kullanıp profesyonel sosyal ağınızı oluşturun. Sektör liderlerini takip edin, profesyonellerle …
linkedin.com https://www. linkedin .com › login LinkedIn Login, Sign in | LinkedIn Login to LinkedIn to keep in touch with people you know, share ideas, and build your career.
linkedin.com https://www. linkedin .com › login › tr LinkedIn Oturum Açma, Kayıt Olma | LinkedIn Tanıdığınız kişilerle iletişimi sürdürmek, fikirleri paylaşmak ve kariyerinizi inşa etmek için LinkedIn’de oturum açın.
linkedin.com https://gb. linkedin .com LinkedIn : Log In or Sign Up Who is LinkedIn for? Anyone looking to navigate their professional life. Find a coworker or classmate Find a new job Find a course or …
linkedin.com https://www. linkedin .com › company › linkedin LinkedIn | LinkedIn With more than 1 billion members worldwide, including executives from every Fortune 500 company, LinkedIn is the world's largest …"
